{
  "classes": [
    "numbering-line",
    "purple-line",
    "sequential"
  ],
  "x1": 73.81976021078886,
  "x2": 70.6689039368516,
  "y1": 176.06973206402523,
  "y2": 175.58693957043806
}
