{
  "classes": [
    "font",
    "numbering-label",
    "sequential"
  ],
  "label": false,
  "x": 18.540252738533944,
  "y": 191.053060968488
}
