{
  "classes": [
    "font",
    "numbering-label",
    "sequential",
    "text-red"
  ],
  "label": "20",
  "x": 18.540252738533944,
  "y": 191.053060968488
}
