{
  "classes": [
    "font",
    "numbering-label",
    "sequential"
  ],
  "label": "50",
  "x": 68.83517161797342,
  "y": 175.30596445706158
}
