{
  "classes": [
    "font",
    "numbering-label",
    "sequential"
  ],
  "label": "50",
  "x": 90.21830221433801,
  "y": 79.65671791598368
}
