{
                "classes": [
                  "font",
                  "numbering-label",
                  "sequential"
                ],
                "label": "10",
                "x": 42.96306934111992,
                "y": 66.26219019592702
              }
